cutv_id,user_id,product_id,product_name,cutv_date,cutv_time,count
1,49.228.98.130,235,"ซองซิปพลาสติก 21x14.8 ซม. คละสี (แพ็ค3ใบ) ME.STYLE EV-011",2022-04-11,02:23:07,1
2,49.228.98.130,227,"กบเหลาดินสอ 2 รู สีเงิน ONE AL-1008",2022-04-11,02:23:11,1
3,49.228.98.130,235,"ซองซิปพลาสติก 21x14.8 ซม. คละสี (แพ็ค3ใบ) ME.STYLE EV-011",2022-04-11,02:29:10,1
4,223.204.187.65,232,"ลวดเสียบกระดาษ 33มม. สีชมพู 80 ตัว/ถุง ME.STYLE 100233-PI",2022-04-11,03:00:32,1
5,223.204.187.65,232,"ลวดเสียบกระดาษ 33มม. สีชมพู 80 ตัว/ถุง ME.STYLE 100233-PI",2022-04-11,03:00:40,1
6,81,236,"ถาดพลาสติก 15.2x7.6x5.2ซม. สีดำ ME.STYLE PB9051-TBK",2022-04-11,05:31:59,1
7,81,232,"ลวดเสียบกระดาษ 33มม. สีชมพู 80 ตัว/ถุง ME.STYLE 100233-PI",2022-04-11,05:32:09,1
8,171.4.248.188,233,"พวงกุญแจพลาสติก คละสี 14 ตัว/ถุง ME.STYLE 309140",2022-04-11,05:35:21,1
9,171.4.248.188,233,"พวงกุญแจพลาสติก คละสี 14 ตัว/ถุง ME.STYLE 309140",2022-04-11,05:35:29,1
10,171.4.248.188,236,"ถาดพลาสติก 15.2x7.6x5.2ซม. สีดำ ME.STYLE PB9051-TBK",2022-04-11,05:43:17,1
11,171.4.248.188,236,"ถาดพลาสติก 15.2x7.6x5.2ซม. สีดำ ME.STYLE PB9051-TBK",2022-04-11,05:43:54,1
12,223.205.218.107,236,"ถาดพลาสติก 15.2x7.6x5.2ซม. สีดำ ME.STYLE PB9051-TBK",2022-04-11,06:46:42,1
13,101.108.2.119,235,"ซองซิปพลาสติก 21x14.8 ซม. คละสี (แพ็ค3ใบ) ME.STYLE EV-011",2022-04-11,06:47:13,1
14,82,233,"พวงกุญแจพลาสติก คละสี 14 ตัว/ถุง ME.STYLE 309140",2022-04-11,06:47:23,1
15,82,235,"ซองซิปพลาสติก 21x14.8 ซม. คละสี (แพ็ค3ใบ) ME.STYLE EV-011",2022-04-11,06:49:20,1
16,82,236,"ถาดพลาสติก 15.2x7.6x5.2ซม. สีดำ ME.STYLE PB9051-TBK",2022-04-11,06:50:54,1
17,83,236,"ถาดพลาสติก 15.2x7.6x5.2ซม. สีดำ ME.STYLE PB9051-TBK",2022-04-11,08:34:51,1
18,84,235,"ซองซิปพลาสติก 21x14.8 ซม. คละสี (แพ็ค3ใบ) ME.STYLE EV-011",2022-04-11,09:19:50,1
19,84,235,"ซองซิปพลาสติก 21x14.8 ซม. คละสี (แพ็ค3ใบ) ME.STYLE EV-011",2022-04-11,09:19:59,1
20,84,235,"ซองซิปพลาสติก 21x14.8 ซม. คละสี (แพ็ค3ใบ) ME.STYLE EV-011",2022-04-11,09:20:06,1
21,85,236,"ถาดพลาสติก 15.2x7.6x5.2ซม. สีดำ ME.STYLE PB9051-TBK",2022-04-11,09:24:40,1
22,85,236,"ถาดพลาสติก 15.2x7.6x5.2ซม. สีดำ ME.STYLE PB9051-TBK",2022-04-11,09:24:42,1
23,85,236,"ถาดพลาสติก 15.2x7.6x5.2ซม. สีดำ ME.STYLE PB9051-TBK",2022-04-11,09:25:27,1
24,85,236,"ถาดพลาสติก 15.2x7.6x5.2ซม. สีดำ ME.STYLE PB9051-TBK",2022-04-11,09:25:29,1
25,85,236,"ถาดพลาสติก 15.2x7.6x5.2ซม. สีดำ ME.STYLE PB9051-TBK",2022-04-11,09:25:30,1
26,85,235,"ซองซิปพลาสติก 21x14.8 ซม. คละสี (แพ็ค3ใบ) ME.STYLE EV-011",2022-04-11,09:25:32,1
27,85,235,"ซองซิปพลาสติก 21x14.8 ซม. คละสี (แพ็ค3ใบ) ME.STYLE EV-011",2022-04-11,09:25:47,1
28,49.228.245.73,236,"ถาดพลาสติก 15.2x7.6x5.2ซม. สีดำ ME.STYLE PB9051-TBK",2022-04-11,09:47:10,1
29,115.87.232.116,236,"ถาดพลาสติก 15.2x7.6x5.2ซม. สีดำ ME.STYLE PB9051-TBK",2022-04-11,09:49:37,1
30,115.87.232.116,227,"กบเหลาดินสอ 2 รู สีเงิน ONE AL-1008",2022-04-11,09:49:50,1
31,1.47.131.137,233,"พวงกุญแจพลาสติก คละสี 14 ตัว/ถุง ME.STYLE 309140",2022-04-11,11:19:29,1
32,1.47.131.137,236,"ถาดพลาสติก 15.2x7.6x5.2ซม. สีดำ ME.STYLE PB9051-TBK",2022-04-11,11:19:46,1
33,1.47.131.137,236,"ถาดพลาสติก 15.2x7.6x5.2ซม. สีดำ ME.STYLE PB9051-TBK",2022-04-11,11:19:48,1
34,86,234,"ลวดเสียบกระดาษ 33มม. คละสี 100 ตัว/ถุง ME.STYLE 100233",2022-04-11,11:24:22,1
35,86,218,"กล่องใส่ปากกา สีใส ME.STYLE BLT-4003",2022-04-11,11:24:37,1
36,86,234,"ลวดเสียบกระดาษ 33มม. คละสี 100 ตัว/ถุง ME.STYLE 100233",2022-04-11,11:25:11,1
37,86,218,"กล่องใส่ปากกา สีใส ME.STYLE BLT-4003",2022-04-11,11:25:52,1
38,86,218,"กล่องใส่ปากกา สีใส ME.STYLE BLT-4003",2022-04-11,11:25:54,1
39,86,231,"สมุดโน๊ต 152x205 มม. 180 แผ่น เขีย ME.STYLE NH152203180",2022-04-11,11:26:10,1
40,1.46.10.26,236,"ถาดพลาสติก 15.2x7.6x5.2ซม. สีดำ ME.STYLE PB9051-TBK",2022-04-11,11:26:47,1
41,1.46.10.26,219,"กล่องเอกสารพลาสติก ดำ ME.STYLE BLT-3002",2022-04-11,11:27:31,1
42,86,218,"กล่องใส่ปากกา สีใส ME.STYLE BLT-4003",2022-04-11,11:29:47,1
43,86,221,"กระเป๋าตาข่ายซิปคู่ B6 สีเทา ME.STYLE",2022-04-11,11:30:02,1
44,86,227,"กบเหลาดินสอ 2 รู สีเงิน ONE AL-1008",2022-04-11,11:30:45,1
45,67,176,"ยางลบดินสอ (แพ็ค5ก้อน) สเต็ดเล่อร์ 52635",2022-04-11,11:57:36,1
46,67,176,"ยางลบดินสอ (แพ็ค5ก้อน) สเต็ดเล่อร์ 52635",2022-04-11,11:57:57,1
47,67,179,"ยางลบดินสอนีออน แพ็ค50ก้อน คละสี สเต็ดเล่อร์ 526 35N",2022-04-11,11:58:02,1
48,49.49.233.217,184,"เทปลบคำผิด 5 มม.x8ม. สีน้ำเงิน ONE CT002",2022-04-11,11:59:31,1
49,49.49.233.217,195,"เทปลบคำผิด รุ่น 8802",2022-04-11,11:59:38,1
50,171.7.51.134,236,"ถาดพลาสติก 15.2x7.6x5.2ซม. สีดำ ME.STYLE PB9051-TBK",2022-04-11,12:01:25,1
51,223.24.191.22,235,"ซองซิปพลาสติก 21x14.8 ซม. คละสี (แพ็ค3ใบ) ME.STYLE EV-011",2022-04-11,12:02:54,1
52,88,235,"ซองซิปพลาสติก 21x14.8 ซม. คละสี (แพ็ค3ใบ) ME.STYLE EV-011",2022-04-11,12:08:00,1
53,88,235,"ซองซิปพลาสติก 21x14.8 ซม. คละสี (แพ็ค3ใบ) ME.STYLE EV-011",2022-04-11,12:08:02,1
54,88,235,"ซองซิปพลาสติก 21x14.8 ซม. คละสี (แพ็ค3ใบ) ME.STYLE EV-011",2022-04-11,12:08:03,1
55,88,235,"ซองซิปพลาสติก 21x14.8 ซม. คละสี (แพ็ค3ใบ) ME.STYLE EV-011",2022-04-11,12:08:05,1
56,88,235,"ซองซิปพลาสติก 21x14.8 ซม. คละสี (แพ็ค3ใบ) ME.STYLE EV-011",2022-04-11,12:08:06,1
57,88,235,"ซองซิปพลาสติก 21x14.8 ซม. คละสี (แพ็ค3ใบ) ME.STYLE EV-011",2022-04-11,12:08:08,1
58,88,235,"ซองซิปพลาสติก 21x14.8 ซม. คละสี (แพ็ค3ใบ) ME.STYLE EV-011",2022-04-11,12:08:10,1
59,88,235,"ซองซิปพลาสติก 21x14.8 ซม. คละสี (แพ็ค3ใบ) ME.STYLE EV-011",2022-04-11,12:08:11,1
60,88,231,"สมุดโน๊ต 152x205 มม. 180 แผ่น เขีย ME.STYLE NH152203180",2022-04-11,12:08:40,1
61,49.49.241.115,232,"ลวดเสียบกระดาษ 33มม. สีชมพู 80 ตัว/ถุง ME.STYLE 100233-PI",2022-04-11,13:07:10,1
62,49.49.241.115,234,"ลวดเสียบกระดาษ 33มม. คละสี 100 ตัว/ถุง ME.STYLE 100233",2022-04-11,13:07:23,1
63,49.49.241.115,232,"ลวดเสียบกระดาษ 33มม. สีชมพู 80 ตัว/ถุง ME.STYLE 100233-PI",2022-04-11,13:07:35,1
64,49.49.241.115,234,"ลวดเสียบกระดาษ 33มม. คละสี 100 ตัว/ถุง ME.STYLE 100233",2022-04-11,13:07:42,1
65,223.205.218.235,234,"ลวดเสียบกระดาษ 33มม. คละสี 100 ตัว/ถุง ME.STYLE 100233",2022-04-11,13:10:46,1
66,1.47.131.137,232,"ลวดเสียบกระดาษ 33มม. สีชมพู 80 ตัว/ถุง ME.STYLE 100233-PI",2022-04-11,13:26:09,1
67,1.47.131.137,235,"ซองซิปพลาสติก 21x14.8 ซม. คละสี (แพ็ค3ใบ) ME.STYLE EV-011",2022-04-11,13:28:13,1
68,86,234,"ลวดเสียบกระดาษ 33มม. คละสี 100 ตัว/ถุง ME.STYLE 100233",2022-04-11,13:28:51,1
69,86,179,"ยางลบดินสอนีออน แพ็ค50ก้อน คละสี สเต็ดเล่อร์ 526 35N",2022-04-11,13:29:03,1
70,86,189,"เทปลบคำผิด 5มม.x8ม. สีแดง ONE CT002",2022-04-11,13:29:20,1
71,89,234,"ลวดเสียบกระดาษ 33มม. คละสี 100 ตัว/ถุง ME.STYLE 100233",2022-04-11,13:37:12,1
72,89,231,"สมุดโน๊ต 152x205 มม. 180 แผ่น เขีย ME.STYLE NH152203180",2022-04-11,13:37:24,1
73,1.47.131.137,234,"ลวดเสียบกระดาษ 33มม. คละสี 100 ตัว/ถุง ME.STYLE 100233",2022-04-11,13:37:38,1
74,1.47.131.137,218,"กล่องใส่ปากกา สีใส ME.STYLE BLT-4003",2022-04-11,13:37:52,1
75,1.47.131.137,233,"พวงกุญแจพลาสติก คละสี 14 ตัว/ถุง ME.STYLE 309140",2022-04-11,13:38:05,1
76,1.47.131.137,218,"กล่องใส่ปากกา สีใส ME.STYLE BLT-4003",2022-04-11,13:38:10,1
77,89,235,"ซองซิปพลาสติก 21x14.8 ซม. คละสี (แพ็ค3ใบ) ME.STYLE EV-011",2022-04-11,13:38:12,1
78,89,235,"ซองซิปพลาสติก 21x14.8 ซม. คละสี (แพ็ค3ใบ) ME.STYLE EV-011",2022-04-11,13:38:40,1
79,1.47.131.137,230,"สมุดเก็บนามบัตร เทาเข้ม ME.STYLE A7628",2022-04-11,13:38:41,1
80,1.47.131.137,176,"ยางลบดินสอ (แพ็ค5ก้อน) สเต็ดเล่อร์ 52635",2022-04-11,13:38:52,1
81,1.47.131.137,227,"กบเหลาดินสอ 2 รู สีเงิน ONE AL-1008",2022-04-11,13:39:06,1
82,1.47.131.137,229,"สมุดเก็บนามบัตร ส้ม ME.STYLE A7628",2022-04-11,13:39:17,1
83,1.47.131.137,235,"ซองซิปพลาสติก 21x14.8 ซม. คละสี (แพ็ค3ใบ) ME.STYLE EV-011",2022-04-11,13:41:26,1
84,1.47.131.137,236,"ถาดพลาสติก 15.2x7.6x5.2ซม. สีดำ ME.STYLE PB9051-TBK",2022-04-11,13:41:33,1
85,1.47.131.137,218,"กล่องใส่ปากกา สีใส ME.STYLE BLT-4003",2022-04-11,13:41:40,1
86,1.47.131.137,231,"สมุดโน๊ต 152x205 มม. 180 แผ่น เขีย ME.STYLE NH152203180",2022-04-11,13:41:47,1
87,1.47.131.137,235,"ซองซิปพลาสติก 21x14.8 ซม. คละสี (แพ็ค3ใบ) ME.STYLE EV-011",2022-04-11,13:42:28,1
88,1.47.131.137,236,"ถาดพลาสติก 15.2x7.6x5.2ซม. สีดำ ME.STYLE PB9051-TBK",2022-04-11,13:44:07,1
89,49.228.98.130,236,"ถาดพลาสติก 15.2x7.6x5.2ซม. สีดำ ME.STYLE PB9051-TBK",2022-04-11,13:44:10,1
90,14.207.15.94,235,"ซองซิปพลาสติก 21x14.8 ซม. คละสี (แพ็ค3ใบ) ME.STYLE EV-011",2022-04-11,13:55:05,1
91,27.145.210.93,236,"ถาดพลาสติก 15.2x7.6x5.2ซม. สีดำ ME.STYLE PB9051-TBK",2022-04-11,14:17:00,1
92,183.88.121.144,236,"ถาดพลาสติก 15.2x7.6x5.2ซม. สีดำ ME.STYLE PB9051-TBK",2022-04-11,14:51:07,1
93,183.88.121.144,218,"กล่องใส่ปากกา สีใส ME.STYLE BLT-4003",2022-04-11,14:51:10,1
94,183.88.121.144,231,"สมุดโน๊ต 152x205 มม. 180 แผ่น เขีย ME.STYLE NH152203180",2022-04-11,14:51:57,1
95,49.49.233.217,231,"สมุดโน๊ต 152x205 มม. 180 แผ่น เขีย ME.STYLE NH152203180",2022-04-11,15:22:43,1
96,49.49.233.217,179,"ยางลบดินสอนีออน แพ็ค50ก้อน คละสี สเต็ดเล่อร์ 526 35N",2022-04-11,15:23:29,1
97,49.49.233.217,235,"ซองซิปพลาสติก 21x14.8 ซม. คละสี (แพ็ค3ใบ) ME.STYLE EV-011",2022-04-11,15:24:09,1
98,49.49.233.217,122,"ดินสอ 0.5 มม. ด้ามสีชมพู ONE MD-H1058",2022-04-11,15:27:38,1
99,49.49.241.115,188,"น้ำยาลบคำผิด แบบขวด 7 มล. (แพ็ค 6 ขวด) ONE",2022-04-11,15:40:32,1
100,49.49.241.115,176,"ยางลบดินสอ (แพ็ค5ก้อน) สเต็ดเล่อร์ 52635",2022-04-11,15:41:21,1
101,49.49.241.115,188,"น้ำยาลบคำผิด แบบขวด 7 มล. (แพ็ค 6 ขวด) ONE",2022-04-11,15:41:35,1
102,91,179,"ยางลบดินสอนีออน แพ็ค50ก้อน คละสี สเต็ดเล่อร์ 526 35N",2022-04-11,15:46:10,1
103,91,179,"ยางลบดินสอนีออน แพ็ค50ก้อน คละสี สเต็ดเล่อร์ 526 35N",2022-04-11,15:47:09,1
104,91,188,"น้ำยาลบคำผิด แบบขวด 7 มล. (แพ็ค 6 ขวด) ONE",2022-04-11,15:47:43,1
105,91,188,"น้ำยาลบคำผิด แบบขวด 7 มล. (แพ็ค 6 ขวด) ONE",2022-04-11,15:48:29,1
106,91,176,"ยางลบดินสอ (แพ็ค5ก้อน) สเต็ดเล่อร์ 52635",2022-04-11,15:51:11,1
107,91,190,"ปากกาลบคำผิด 7 มล. แพ็ค 6ด้าม ONE",2022-04-11,15:52:33,1
108,91,188,"น้ำยาลบคำผิด แบบขวด 7 มล. (แพ็ค 6 ขวด) ONE",2022-04-11,15:53:57,1
109,91,190,"ปากกาลบคำผิด 7 มล. แพ็ค 6ด้าม ONE",2022-04-11,15:54:11,1
110,49.49.233.217,141,"ปากกาหมึกเจล 0.5 มม. แดง ONE 1017",2022-04-11,16:16:06,1
111,49.228.98.130,116,"ดินสอกด 0.5 มม. สีชมพู ONE MB113402",2022-04-11,16:32:19,1
112,49.228.98.130,125,"ไส้ดินสอ 2B 0.5 มม. เพนเทล Hi-Polymer C205",2022-04-11,16:32:50,1
113,92,221,"กระเป๋าตาข่ายซิปคู่ B6 สีเทา ME.STYLE",2022-04-11,16:36:44,1
114,92,116,"ดินสอกด 0.5 มม. สีชมพู ONE MB113402",2022-04-11,16:37:04,1
115,92,126,"ไส้ดินสอ 4B 0.5 มม. เพนเทล Hi-Polymer C505",2022-04-11,16:37:14,1
116,92,119,"ดินสอไม้จุ่มหัว 2B ONE",2022-04-11,16:37:23,1
117,49.228.98.130,117,"ดินสอ 0.5 มม. ด้ามสีเงิน ONE S710",2022-04-11,16:41:19,1
118,49.228.98.130,124,"ไส้ดินสอ B 0.5 มม. เพนเทล Hi-Polymer C205",2022-04-11,16:41:24,1
119,49.228.98.130,120,"ดินสอ 0.5มม. ด้ามสีเทา ONE MD-H1215",2022-04-11,16:41:28,1
120,49.228.98.130,133,"ดินสอกดข้าง 0.5 มม. น้ำเงิน เพนเทล PD105T",2022-04-11,16:41:37,1
121,49.228.98.130,142,"ปากกาหมึกเจล 0.5มม. หมึกสีแดง ONE OG-590",2022-04-11,16:42:20,1
122,93,118,"ดินสอไม้ HB แท่งลายคละสี (แพ็ค 3 แท่ง) ONE HY-6",2022-04-11,16:42:51,1
123,93,118,"ดินสอไม้ HB แท่งลายคละสี (แพ็ค 3 แท่ง) ONE HY-6",2022-04-11,16:42:52,1
124,93,120,"ดินสอ 0.5มม. ด้ามสีเทา ONE MD-H1215",2022-04-11,16:43:02,1
125,93,122,"ดินสอ 0.5 มม. ด้ามสีชมพู ONE MD-H1058",2022-04-11,16:43:10,1
126,92,152,"ปากกาเน้นข้อความ 2 หัว หมึกสีชมพู ME.STYLE H-2230",2022-04-11,16:48:22,1
127,92,154,"ปากกาเน้นข้อความ 2 หัว หมึกสีเหลือง ME.STYLE H-2230",2022-04-11,16:48:58,1
128,92,138,"ปากกาหมึกเจล 0.5 มม. หมึกสีส้ม ONE G-301",2022-04-11,16:49:03,1
129,124.120.116.201,132,"ดินสอกด 0.5 มม. สีส้ม เพนเทล A105",2022-04-11,17:13:45,1
130,124.120.116.201,136,"ปากกาหมึกเจล 0.5มม. หมึกสีดำ ONE G-32020",2022-04-11,17:14:11,1
131,124.120.116.201,156,"ดินสอสีไม้ยาวพร้อมกบเหลา 12 สี ตราม้า H-2080",2022-04-11,17:14:19,1
132,67,160,"ดินสอสีกล่องเหล็ก 12 สี ตราม้า 2080",2022-04-11,17:16:44,1
133,49.48.28.115,232,"ลวดเสียบกระดาษ 33มม. สีชมพู 80 ตัว/ถุง ME.STYLE 100233-PI",2022-04-11,17:18:30,1
134,1.46.148.73,118,"ดินสอไม้ HB แท่งลายคละสี (แพ็ค 3 แท่ง) ONE HY-6",2022-04-11,17:25:52,1
135,1.46.148.73,118,"ดินสอไม้ HB แท่งลายคละสี (แพ็ค 3 แท่ง) ONE HY-6",2022-04-11,17:25:53,1
136,1.46.148.73,145,"ปากกาลูกลื่น 0.5 มม. หมึกสีดำ ONE AH595",2022-04-11,17:26:14,1
137,94,123,"ไส้ดินสอ HB 0.5 มม. เพนเทล Hi-Polymer C205",2022-04-11,17:58:52,1
138,94,123,"ไส้ดินสอ HB 0.5 มม. เพนเทล Hi-Polymer C205",2022-04-11,17:59:18,1
139,124.120.116.201,235,"ซองซิปพลาสติก 21x14.8 ซม. คละสี (แพ็ค3ใบ) ME.STYLE EV-011",2022-04-11,18:08:41,1
140,124.120.116.201,236,"ถาดพลาสติก 15.2x7.6x5.2ซม. สีดำ ME.STYLE PB9051-TBK",2022-04-11,18:08:45,1
141,124.120.116.201,234,"ลวดเสียบกระดาษ 33มม. คละสี 100 ตัว/ถุง ME.STYLE 100233",2022-04-11,18:08:46,1
142,124.120.116.201,234,"ลวดเสียบกระดาษ 33มม. คละสี 100 ตัว/ถุง ME.STYLE 100233",2022-04-11,18:08:47,1
143,124.120.116.201,218,"กล่องใส่ปากกา สีใส ME.STYLE BLT-4003",2022-04-11,18:08:49,1
144,124.120.116.201,232,"ลวดเสียบกระดาษ 33มม. สีชมพู 80 ตัว/ถุง ME.STYLE 100233-PI",2022-04-11,18:08:51,1
145,124.120.116.201,231,"สมุดโน๊ต 152x205 มม. 180 แผ่น เขีย ME.STYLE NH152203180",2022-04-11,18:08:55,1
146,124.120.116.201,179,"ยางลบดินสอนีออน แพ็ค50ก้อน คละสี สเต็ดเล่อร์ 526 35N",2022-04-11,18:08:59,1
147,124.120.116.201,176,"ยางลบดินสอ (แพ็ค5ก้อน) สเต็ดเล่อร์ 52635",2022-04-11,18:09:02,1
148,124.120.116.201,233,"พวงกุญแจพลาสติก คละสี 14 ตัว/ถุง ME.STYLE 309140",2022-04-11,18:09:06,1
149,49.49.233.217,129,"ดินสอกด เพนเทล A811W 0.5มม. ด้ามงาช้าง",2022-04-11,19:06:49,1
150,49.228.98.130,188,"น้ำยาลบคำผิด แบบขวด 7 มล. (แพ็ค 6 ขวด) ONE",2022-04-11,19:20:33,1
151,67,134,"STAEDTLER ดินสอดำLUMOGRAPH เกรด 2B",2022-04-11,19:28:42,1
152,49.49.233.217,122,"ดินสอ 0.5 มม. ด้ามสีชมพู ONE MD-H1058",2022-04-11,19:32:39,1
153,49.49.233.217,125,"ไส้ดินสอ 2B 0.5 มม. เพนเทล Hi-Polymer C205",2022-04-11,19:32:43,1
154,67,132,"ดินสอกด 0.5 มม. สีส้ม เพนเทล A105",2022-04-11,19:33:38,1
155,67,194,"ยางลบดินสอ รุ่น 5882 (แพ็ค 3 ก้อน) สีดำ",2022-04-11,19:36:50,1
156,67,117,"ดินสอ 0.5 มม. ด้ามสีเงิน ONE S710",2022-04-11,19:38:18,1
157,67,234,"ลวดเสียบกระดาษ 33มม. คละสี 100 ตัว/ถุง ME.STYLE 100233",2022-04-11,19:38:34,1
158,95,169,"ดินสอสีไม้ยาว 2 หัว มาสเตอร์อาร์ต Super Premium 60 สี",2022-04-11,19:41:39,1
159,95,199,"แท่นตัดเทป แกน 1 นิ้ว ตราม้า H-15",2022-04-11,19:41:54,1
160,49.49.233.217,148,"ปากกาหมึกเจล 0.5 มม. หมึกน้ำเงิน ME.STYLE G-11890",2022-04-11,19:45:09,1
161,49.49.233.217,188,"น้ำยาลบคำผิด แบบขวด 7 มล. (แพ็ค 6 ขวด) ONE",2022-04-11,19:45:37,1
162,96,188,"น้ำยาลบคำผิด แบบขวด 7 มล. (แพ็ค 6 ขวด) ONE",2022-04-11,19:46:13,1
163,96,188,"น้ำยาลบคำผิด แบบขวด 7 มล. (แพ็ค 6 ขวด) ONE",2022-04-11,19:46:32,1
164,96,188,"น้ำยาลบคำผิด แบบขวด 7 มล. (แพ็ค 6 ขวด) ONE",2022-04-11,19:46:39,1
165,96,192,"เทปลบคำผิด 5มม.x8ม. คละสี (แพ็ค 2 อัน) ONE CT006",2022-04-11,19:46:46,1
166,49.230.104.60,179,"ยางลบดินสอนีออน แพ็ค50ก้อน คละสี สเต็ดเล่อร์ 526 35N",2022-04-11,21:03:24,1
167,49.230.104.60,179,"ยางลบดินสอนีออน แพ็ค50ก้อน คละสี สเต็ดเล่อร์ 526 35N",2022-04-11,21:03:49,1
168,49.237.17.134,127,"ดินสอกด เพนเทล A811 0.5 มม.",2022-04-12,12:47:33,1
169,49.237.17.134,123,"ไส้ดินสอ HB 0.5 มม. เพนเทล Hi-Polymer C205",2022-04-12,12:47:47,1
170,1.46.148.73,124,"ไส้ดินสอ B 0.5 มม. เพนเทล Hi-Polymer C205",2022-04-12,14:07:16,1
171,97,119,"ดินสอไม้จุ่มหัว 2B ONE",2022-04-12,14:09:47,1
172,97,120,"ดินสอ 0.5มม. ด้ามสีเทา ONE MD-H1215",2022-04-12,14:09:56,1
173,97,132,"ดินสอกด 0.5 มม. สีส้ม เพนเทล A105",2022-04-12,14:10:07,1
174,97,131,"ดินสอกดข้าง 0.5 มม. สีชมพู เพนเทล PD105T",2022-04-12,14:10:52,1
175,97,131,"ดินสอกดข้าง 0.5 มม. สีชมพู เพนเทล PD105T",2022-04-12,14:10:53,1
176,97,120,"ดินสอ 0.5มม. ด้ามสีเทา ONE MD-H1215",2022-04-12,14:11:00,1
177,97,117,"ดินสอ 0.5 มม. ด้ามสีเงิน ONE S710",2022-04-12,14:11:09,1
178,49.48.241.50,133,"ดินสอกดข้าง 0.5 มม. น้ำเงิน เพนเทล PD105T",2022-04-12,19:30:46,1
179,49.228.98.130,118,"ดินสอไม้ HB แท่งลายคละสี (แพ็ค 3 แท่ง) ONE HY-6",2022-04-13,17:19:17,1
180,49.228.98.130,176,"ยางลบดินสอ (แพ็ค5ก้อน) สเต็ดเล่อร์ 52635",2022-04-13,17:19:36,1
181,49.228.98.130,181,"ยางลบดินสอ นีออน (แพ็ค3ก้อน) สเต็ดเล่อร์ 52635N",2022-04-13,17:19:42,1
182,98,197,"กาวน้ำ ตราม้า สีใส ขนาด 150 ซีซี",2022-04-14,09:47:27,1
183,98,197,"กาวน้ำ ตราม้า สีใส ขนาด 150 ซีซี",2022-04-14,09:47:39,1
184,58.8.176.210,135,"STAEDTLER ดินสอดำLUMOGRAPH เกรด EE",2022-04-14,15:42:44,1
185,99,127,"ดินสอกด เพนเทล A811 0.5 มม.",2022-04-15,14:38:08,1
186,99,127,"ดินสอกด เพนเทล A811 0.5 มม.",2022-04-15,14:38:09,1
187,99,124,"ไส้ดินสอ B 0.5 มม. เพนเทล Hi-Polymer C205",2022-04-15,14:38:29,1
188,99,124,"ไส้ดินสอ B 0.5 มม. เพนเทล Hi-Polymer C205",2022-04-15,14:38:31,1
189,49.228.105.51,127,"ดินสอกด เพนเทล A811 0.5 มม.",2022-04-15,14:39:10,1
190,99,132,"ดินสอกด 0.5 มม. สีส้ม เพนเทล A105",2022-04-15,14:39:17,1
191,100,174,"ดินสอสี 124 สี มาสเตอร์อาร์ต",2022-04-15,14:43:22,1
192,100,156,"ดินสอสีไม้ยาวพร้อมกบเหลา 12 สี ตราม้า H-2080",2022-04-15,14:44:46,1
193,100,228,"เครื่องเหลาดินสอ สีน้ำเงิน ONE 204",2022-04-15,14:45:15,1
194,101,215,"กาวน้ำ 560 ซีซี สีใส ONE",2022-04-15,14:50:47,1
195,101,199,"แท่นตัดเทป แกน 1 นิ้ว ตราม้า H-15",2022-04-15,14:51:09,1
196,101,216,"เทปโอพีพี 48มม.x100 หลา ชา ONE",2022-04-15,14:51:32,1
197,101,216,"เทปโอพีพี 48มม.x100 หลา ชา ONE",2022-04-15,14:51:34,1
198,101,207,"เทปใส แกน1นิ้ว 18.มม.x36หลา (แพ็ค8ม้วน) สีใส ONE",2022-04-15,14:51:52,1
199,101,207,"เทปใส แกน1นิ้ว 18.มม.x36หลา (แพ็ค8ม้วน) สีใส ONE",2022-04-15,14:51:54,1
200,49.228.105.51,130,"ดินสอกดข้าง 0.5 มม. สีเขียว เพนเทล PD105T",2022-04-15,15:59:13,1
201,102,197,"กาวน้ำ ตราม้า สีใส ขนาด 150 ซีซี",2022-04-15,16:19:46,1
202,49.230.224.135,133,"ดินสอกดข้าง 0.5 มม. น้ำเงิน เพนเทล PD105T",2022-04-15,16:52:43,1
203,49.230.224.135,133,"ดินสอกดข้าง 0.5 มม. น้ำเงิน เพนเทล PD105T",2022-04-15,16:53:21,1
204,49.49.247.172,178,"ยางลบดินสอ สีพาสเทล (แพ็ค3ก้อน) สเต็ดเล่อร์ 526 35P TH",2022-04-15,17:20:22,1
205,49.49.247.172,218,"กล่องใส่ปากกา สีใส ME.STYLE BLT-4003",2022-04-15,17:27:10,1
206,103,116,"ดินสอกด 0.5 มม. สีชมพู ONE MB113402",2022-04-15,17:31:24,1
207,103,116,"ดินสอกด 0.5 มม. สีชมพู ONE MB113402",2022-04-15,17:31:26,1
208,103,116,"ดินสอกด 0.5 มม. สีชมพู ONE MB113402",2022-04-15,17:31:27,1
209,103,116,"ดินสอกด 0.5 มม. สีชมพู ONE MB113402",2022-04-15,17:31:29,1
210,103,116,"ดินสอกด 0.5 มม. สีชมพู ONE MB113402",2022-04-15,17:31:31,1
211,103,158,"ดินสอสีพร้อมกบเหลา 36 สี ตราม้า",2022-04-15,17:31:52,1
212,103,169,"ดินสอสีไม้ยาว 2 หัว มาสเตอร์อาร์ต Super Premium 60 สี",2022-04-15,17:31:58,1
213,104,117,"ดินสอ 0.5 มม. ด้ามสีเงิน ONE S710",2022-04-15,17:36:29,1
214,104,127,"ดินสอกด เพนเทล A811 0.5 มม.",2022-04-15,17:36:33,1
215,104,118,"ดินสอไม้ HB แท่งลายคละสี (แพ็ค 3 แท่ง) ONE HY-6",2022-04-15,17:36:38,1
216,105,129,"ดินสอกด เพนเทล A811W 0.5มม. ด้ามงาช้าง",2022-04-15,17:40:49,1
217,105,132,"ดินสอกด 0.5 มม. สีส้ม เพนเทล A105",2022-04-15,17:40:58,1
218,105,121,"ดินสอ 0.5 มม. ด้ามสีน้ำเงิน ONE MD-H1058",2022-04-15,17:41:04,1
219,105,124,"ไส้ดินสอ B 0.5 มม. เพนเทล Hi-Polymer C205",2022-04-15,17:41:09,1
220,1.47.148.138,131,"ดินสอกดข้าง 0.5 มม. สีชมพู เพนเทล PD105T",2022-04-15,17:42:49,1
221,106,126,"ไส้ดินสอ 4B 0.5 มม. เพนเทล Hi-Polymer C505",2022-04-15,17:46:25,1
222,106,207,"เทปใส แกน1นิ้ว 18.มม.x36หลา (แพ็ค8ม้วน) สีใส ONE",2022-04-15,17:46:38,1
223,106,124,"ไส้ดินสอ B 0.5 มม. เพนเทล Hi-Polymer C205",2022-04-15,17:46:46,1
224,106,134,"STAEDTLER ดินสอดำLUMOGRAPH เกรด 2B",2022-04-15,17:46:53,1
225,108,131,"ดินสอกดข้าง 0.5 มม. สีชมพู เพนเทล PD105T",2022-04-15,17:50:49,1
226,108,126,"ไส้ดินสอ 4B 0.5 มม. เพนเทล Hi-Polymer C505",2022-04-15,17:50:57,1
227,108,119,"ดินสอไม้จุ่มหัว 2B ONE",2022-04-15,17:51:03,1
228,110,116,"ดินสอกด 0.5 มม. สีชมพู ONE MB113402",2022-04-15,17:55:28,1
229,110,135,"STAEDTLER ดินสอดำLUMOGRAPH เกรด EE",2022-04-15,17:55:39,1
230,110,128,"ดินสอกด เพนเทล A8100.5 มม.",2022-04-15,17:55:46,1
231,109,120,"ดินสอ 0.5มม. ด้ามสีเทา ONE MD-H1215",2022-04-15,17:55:49,1
232,109,135,"STAEDTLER ดินสอดำLUMOGRAPH เกรด EE",2022-04-15,17:55:56,1
233,110,135,"STAEDTLER ดินสอดำLUMOGRAPH เกรด EE",2022-04-15,17:55:57,1
234,110,135,"STAEDTLER ดินสอดำLUMOGRAPH เกรด EE",2022-04-15,17:56:00,1
235,110,135,"STAEDTLER ดินสอดำLUMOGRAPH เกรด EE",2022-04-15,17:56:02,1
236,110,135,"STAEDTLER ดินสอดำLUMOGRAPH เกรด EE",2022-04-15,17:56:03,1
237,109,126,"ไส้ดินสอ 4B 0.5 มม. เพนเทล Hi-Polymer C505",2022-04-15,17:56:04,1
238,109,126,"ไส้ดินสอ 4B 0.5 มม. เพนเทล Hi-Polymer C505",2022-04-15,17:56:07,1
239,109,126,"ไส้ดินสอ 4B 0.5 มม. เพนเทล Hi-Polymer C505",2022-04-15,17:56:09,1
240,112,122,"ดินสอ 0.5 มม. ด้ามสีชมพู ONE MD-H1058",2022-04-15,18:00:46,1
241,112,132,"ดินสอกด 0.5 มม. สีส้ม เพนเทล A105",2022-04-15,18:00:52,1
242,112,132,"ดินสอกด 0.5 มม. สีส้ม เพนเทล A105",2022-04-15,18:01:09,1
243,113,118,"ดินสอไม้ HB แท่งลายคละสี (แพ็ค 3 แท่ง) ONE HY-6",2022-04-15,18:02:38,1
244,113,141,"ปากกาหมึกเจล 0.5 มม. แดง ONE 1017",2022-04-15,18:03:02,1
245,113,137,"ปากกามาร์คเกอร์ 2 หัว หมึกสีเขียว ONE G-902",2022-04-15,18:03:09,1
246,113,135,"STAEDTLER ดินสอดำLUMOGRAPH เกรด EE",2022-04-15,18:03:19,1
247,114,128,"ดินสอกด เพนเทล A8100.5 มม.",2022-04-15,18:04:53,1
248,114,127,"ดินสอกด เพนเทล A811 0.5 มม.",2022-04-15,18:05:08,1
249,115,156,"ดินสอสีไม้ยาวพร้อมกบเหลา 12 สี ตราม้า H-2080",2022-04-15,18:08:11,1
250,115,158,"ดินสอสีพร้อมกบเหลา 36 สี ตราม้า",2022-04-15,18:08:17,1
251,116,135,"STAEDTLER ดินสอดำLUMOGRAPH เกรด EE",2022-04-15,18:12:00,1
252,116,132,"ดินสอกด 0.5 มม. สีส้ม เพนเทล A105",2022-04-15,18:12:08,1
253,116,156,"ดินสอสีไม้ยาวพร้อมกบเหลา 12 สี ตราม้า H-2080",2022-04-15,18:12:17,1
254,116,170,"ดินสอสีไม้ยาว มาสเตอร์อาร์ต Super Premium 72 สี",2022-04-15,18:12:20,1
255,49.229.189.34,116,"ดินสอกด 0.5 มม. สีชมพู ONE MB113402",2022-04-15,19:00:35,1
256,49.229.189.34,121,"ดินสอ 0.5 มม. ด้ามสีน้ำเงิน ONE MD-H1058",2022-04-15,19:00:48,1
257,49.229.189.34,134,"STAEDTLER ดินสอดำLUMOGRAPH เกรด 2B",2022-04-15,19:00:56,1
258,182.232.233.76,128,"ดินสอกด เพนเทล A8100.5 มม.",2022-04-15,20:42:43,1
259,182.232.233.76,128,"ดินสอกด เพนเทล A8100.5 มม.",2022-04-15,20:42:44,1
260,182.232.233.76,128,"ดินสอกด เพนเทล A8100.5 มม.",2022-04-15,20:42:45,1
261,182.232.233.76,128,"ดินสอกด เพนเทล A8100.5 มม.",2022-04-15,20:42:45,1
262,182.232.233.76,199,"แท่นตัดเทป แกน 1 นิ้ว ตราม้า H-15",2022-04-15,20:47:23,1
263,182.232.233.76,207,"เทปใส แกน1นิ้ว 18.มม.x36หลา (แพ็ค8ม้วน) สีใส ONE",2022-04-15,20:48:07,1
264,182.232.233.76,204,"กาวลาเท็กซ์ มีพาย 147.5 มล. สีขาว ตราม้า H-05",2022-04-15,20:48:50,1
265,182.232.233.76,207,"เทปใส แกน1นิ้ว 18.มม.x36หลา (แพ็ค8ม้วน) สีใส ONE",2022-04-15,20:49:16,1
266,182.232.233.76,199,"แท่นตัดเทป แกน 1 นิ้ว ตราม้า H-15",2022-04-15,20:49:17,1
267,182.232.233.76,199,"แท่นตัดเทป แกน 1 นิ้ว ตราม้า H-15",2022-04-15,20:50:23,1
268,182.232.233.76,199,"แท่นตัดเทป แกน 1 นิ้ว ตราม้า H-15",2022-04-15,21:18:35,1
269,49.228.105.51,136,"ปากกาหมึกเจล 0.5มม. หมึกสีดำ ONE G-32020",2022-04-16,07:42:40,1
270,117,136,"ปากกาหมึกเจล 0.5มม. หมึกสีดำ ONE G-32020",2022-04-16,07:45:41,1
271,117,144,"ปากกาลูกลื่น 0.5 มม. หมึกสีดำ ONE AH557",2022-04-16,07:45:54,1
272,117,139,"ปากกาหมึกเจล 0.38 มม. หมีกสีน้ำเงิน ONE GA1030",2022-04-16,07:46:07,1
273,117,183,"เทปลบคำผิด 5มม.x4ม. คละสี (แพ็ค3อัน) ONE W961",2022-04-16,07:46:42,1
274,117,185,"เทปลบคำผิด 5มม.x6ม. สีน้ำเงิน ONE CT020",2022-04-16,07:46:49,1
275,117,179,"ยางลบดินสอนีออน แพ็ค50ก้อน คละสี สเต็ดเล่อร์ 526 35N",2022-04-16,07:46:56,1
276,118,170,"ดินสอสีไม้ยาว มาสเตอร์อาร์ต Super Premium 72 สี",2022-04-16,07:49:02,1
277,118,118,"ดินสอไม้ HB แท่งลายคละสี (แพ็ค 3 แท่ง) ONE HY-6",2022-04-16,07:49:17,1
278,118,119,"ดินสอไม้จุ่มหัว 2B ONE",2022-04-16,07:49:47,1
279,118,197,"กาวน้ำ ตราม้า สีใส ขนาด 150 ซีซี",2022-04-16,07:51:32,1
280,118,206,"แท่นตัดเทป แกน 3 นิ้ว สีแดง ตราม้า H-20",2022-04-16,07:52:01,1
281,118,207,"เทปใส แกน1นิ้ว 18.มม.x36หลา (แพ็ค8ม้วน) สีใส ONE",2022-04-16,07:52:31,1
282,119,220,"กล่องเอกสารพลาสติก สีขาว ME.STYLE BLT-3002",2022-04-16,07:55:09,1
283,119,220,"กล่องเอกสารพลาสติก สีขาว ME.STYLE BLT-3002",2022-04-16,07:55:11,1
284,119,218,"กล่องใส่ปากกา สีใส ME.STYLE BLT-4003",2022-04-16,07:55:18,1
285,119,117,"ดินสอ 0.5 มม. ด้ามสีเงิน ONE S710",2022-04-16,07:55:34,1
286,119,125,"ไส้ดินสอ 2B 0.5 มม. เพนเทล Hi-Polymer C205",2022-04-16,07:55:52,1
287,119,121,"ดินสอ 0.5 มม. ด้ามสีน้ำเงิน ONE MD-H1058",2022-04-16,07:56:22,1
288,119,124,"ไส้ดินสอ B 0.5 มม. เพนเทล Hi-Polymer C205",2022-04-16,07:56:30,1
289,120,135,"STAEDTLER ดินสอดำLUMOGRAPH เกรด EE",2022-04-16,08:00:13,1
290,120,119,"ดินสอไม้จุ่มหัว 2B ONE",2022-04-16,08:00:36,1
291,120,118,"ดินสอไม้ HB แท่งลายคละสี (แพ็ค 3 แท่ง) ONE HY-6",2022-04-16,08:00:55,1
292,120,134,"STAEDTLER ดินสอดำLUMOGRAPH เกรด 2B",2022-04-16,08:01:41,1
293,120,135,"STAEDTLER ดินสอดำLUMOGRAPH เกรด EE",2022-04-16,08:01:59,1
294,120,135,"STAEDTLER ดินสอดำLUMOGRAPH เกรด EE",2022-04-16,08:02:00,1
295,120,135,"STAEDTLER ดินสอดำLUMOGRAPH เกรด EE",2022-04-16,08:02:02,1
296,120,135,"STAEDTLER ดินสอดำLUMOGRAPH เกรด EE",2022-04-16,08:02:04,1
297,120,135,"STAEDTLER ดินสอดำLUMOGRAPH เกรด EE",2022-04-16,08:02:05,1
298,120,135,"STAEDTLER ดินสอดำLUMOGRAPH เกรด EE",2022-04-16,08:02:07,1
299,120,135,"STAEDTLER ดินสอดำLUMOGRAPH เกรด EE",2022-04-16,08:02:09,1
300,120,135,"STAEDTLER ดินสอดำLUMOGRAPH เกรด EE",2022-04-16,08:02:10,1
301,120,135,"STAEDTLER ดินสอดำLUMOGRAPH เกรด EE",2022-04-16,08:02:12,1
302,120,135,"STAEDTLER ดินสอดำLUMOGRAPH เกรด EE",2022-04-16,08:02:13,1
303,120,135,"STAEDTLER ดินสอดำLUMOGRAPH เกรด EE",2022-04-16,08:02:15,1
304,120,135,"STAEDTLER ดินสอดำLUMOGRAPH เกรด EE",2022-04-16,08:02:17,1
305,120,135,"STAEDTLER ดินสอดำLUMOGRAPH เกรด EE",2022-04-16,08:02:18,1
306,120,135,"STAEDTLER ดินสอดำLUMOGRAPH เกรด EE",2022-04-16,08:02:20,1
307,120,135,"STAEDTLER ดินสอดำLUMOGRAPH เกรด EE",2022-04-16,08:02:21,1
308,120,135,"STAEDTLER ดินสอดำLUMOGRAPH เกรด EE",2022-04-16,08:02:23,1
309,120,135,"STAEDTLER ดินสอดำLUMOGRAPH เกรด EE",2022-04-16,08:02:24,1
310,120,134,"STAEDTLER ดินสอดำLUMOGRAPH เกรด 2B",2022-04-16,08:02:26,1
311,120,134,"STAEDTLER ดินสอดำLUMOGRAPH เกรด 2B",2022-04-16,08:02:28,1
312,120,135,"STAEDTLER ดินสอดำLUMOGRAPH เกรด EE",2022-04-16,08:02:30,1
313,120,135,"STAEDTLER ดินสอดำLUMOGRAPH เกรด EE",2022-04-16,08:02:31,1
314,120,135,"STAEDTLER ดินสอดำLUMOGRAPH เกรด EE",2022-04-16,08:02:33,1
315,120,134,"STAEDTLER ดินสอดำLUMOGRAPH เกรด 2B",2022-04-16,08:02:47,1
316,120,134,"STAEDTLER ดินสอดำLUMOGRAPH เกรด 2B",2022-04-16,08:02:49,1
317,120,134,"STAEDTLER ดินสอดำLUMOGRAPH เกรด 2B",2022-04-16,08:02:51,1
318,120,134,"STAEDTLER ดินสอดำLUMOGRAPH เกรด 2B",2022-04-16,08:02:52,1
319,120,134,"STAEDTLER ดินสอดำLUMOGRAPH เกรด 2B",2022-04-16,08:02:54,1
320,120,134,"STAEDTLER ดินสอดำLUMOGRAPH เกรด 2B",2022-04-16,08:02:56,1
321,120,134,"STAEDTLER ดินสอดำLUMOGRAPH เกรด 2B",2022-04-16,08:02:57,1
322,120,134,"STAEDTLER ดินสอดำLUMOGRAPH เกรด 2B",2022-04-16,08:02:59,1
323,120,134,"STAEDTLER ดินสอดำLUMOGRAPH เกรด 2B",2022-04-16,08:03:00,1
324,120,134,"STAEDTLER ดินสอดำLUMOGRAPH เกรด 2B",2022-04-16,08:03:02,1
325,120,134,"STAEDTLER ดินสอดำLUMOGRAPH เกรด 2B",2022-04-16,08:03:03,1
326,120,151,"ปากกาหมึกเจล 0.38มม. หมึกน้ำเงิน ME.STYLE G-1251A",2022-04-16,08:03:05,1
327,120,151,"ปากกาหมึกเจล 0.38มม. หมึกน้ำเงิน ME.STYLE G-1251A",2022-04-16,08:03:07,1
328,120,151,"ปากกาหมึกเจล 0.38มม. หมึกน้ำเงิน ME.STYLE G-1251A",2022-04-16,08:03:08,1
329,120,141,"ปากกาหมึกเจล 0.5 มม. แดง ONE 1017",2022-04-16,08:03:10,1
330,120,151,"ปากกาหมึกเจล 0.38มม. หมึกน้ำเงิน ME.STYLE G-1251A",2022-04-16,08:03:12,1
331,121,116,"ดินสอกด 0.5 มม. สีชมพู ONE MB113402",2022-04-16,10:30:37,1
332,121,118,"ดินสอไม้ HB แท่งลายคละสี (แพ็ค 3 แท่ง) ONE HY-6",2022-04-16,10:30:46,1
333,121,220,"กล่องเอกสารพลาสติก สีขาว ME.STYLE BLT-3002",2022-04-16,10:30:53,1
334,121,233,"พวงกุญแจพลาสติก คละสี 14 ตัว/ถุง ME.STYLE 309140",2022-04-16,10:31:13,1
335,122,221,"กระเป๋าตาข่ายซิปคู่ B6 สีเทา ME.STYLE",2022-04-16,10:44:06,1
336,122,225,"แฟ้มหีบเพลงกระดุม 13 ช่อง 26x13.5 ซม. สีขาว ME.STYLE WS9211_CL",2022-04-16,10:44:18,1
337,122,221,"กระเป๋าตาข่ายซิปคู่ B6 สีเทา ME.STYLE",2022-04-16,11:01:13,1
338,122,224,"แฟ้มหีบเพลง CH 13 ช่อง ดำ ME.STYLE WS9211_BK",2022-04-16,11:01:23,1
339,120,233,"พวงกุญแจพลาสติก คละสี 14 ตัว/ถุง ME.STYLE 309140",2022-04-16,11:23:04,1
340,120,233,"พวงกุญแจพลาสติก คละสี 14 ตัว/ถุง ME.STYLE 309140",2022-04-16,11:23:06,1
341,120,233,"พวงกุญแจพลาสติก คละสี 14 ตัว/ถุง ME.STYLE 309140",2022-04-16,11:23:08,1
342,120,233,"พวงกุญแจพลาสติก คละสี 14 ตัว/ถุง ME.STYLE 309140",2022-04-16,11:23:10,1
343,120,233,"พวงกุญแจพลาสติก คละสี 14 ตัว/ถุง ME.STYLE 309140",2022-04-16,11:23:12,1
344,120,233,"พวงกุญแจพลาสติก คละสี 14 ตัว/ถุง ME.STYLE 309140",2022-04-16,11:23:13,1
345,120,233,"พวงกุญแจพลาสติก คละสี 14 ตัว/ถุง ME.STYLE 309140",2022-04-16,11:23:15,1
346,120,233,"พวงกุญแจพลาสติก คละสี 14 ตัว/ถุง ME.STYLE 309140",2022-04-16,11:23:18,1
347,120,233,"พวงกุญแจพลาสติก คละสี 14 ตัว/ถุง ME.STYLE 309140",2022-04-16,11:23:19,1
348,120,233,"พวงกุญแจพลาสติก คละสี 14 ตัว/ถุง ME.STYLE 309140",2022-04-16,11:23:21,1
349,120,233,"พวงกุญแจพลาสติก คละสี 14 ตัว/ถุง ME.STYLE 309140",2022-04-16,11:23:22,1
350,120,233,"พวงกุญแจพลาสติก คละสี 14 ตัว/ถุง ME.STYLE 309140",2022-04-16,11:23:25,1
351,120,233,"พวงกุญแจพลาสติก คละสี 14 ตัว/ถุง ME.STYLE 309140",2022-04-16,11:23:26,1
352,120,233,"พวงกุญแจพลาสติก คละสี 14 ตัว/ถุง ME.STYLE 309140",2022-04-16,11:23:28,1
353,120,220,"กล่องเอกสารพลาสติก สีขาว ME.STYLE BLT-3002",2022-04-16,11:23:29,1
354,120,220,"กล่องเอกสารพลาสติก สีขาว ME.STYLE BLT-3002",2022-04-16,11:23:32,1
355,120,220,"กล่องเอกสารพลาสติก สีขาว ME.STYLE BLT-3002",2022-04-16,11:23:35,1
356,120,220,"กล่องเอกสารพลาสติก สีขาว ME.STYLE BLT-3002",2022-04-16,11:23:37,1
357,120,206,"แท่นตัดเทป แกน 3 นิ้ว สีแดง ตราม้า H-20",2022-04-16,11:23:39,1
358,120,206,"แท่นตัดเทป แกน 3 นิ้ว สีแดง ตราม้า H-20",2022-04-16,11:23:41,1
359,120,207,"เทปใส แกน1นิ้ว 18.มม.x36หลา (แพ็ค8ม้วน) สีใส ONE",2022-04-16,11:23:43,1
360,120,173,"ดินสอสี 24 สี มาสเตอร์อาร์ต MANGA",2022-04-16,11:23:56,1
361,120,173,"ดินสอสี 24 สี มาสเตอร์อาร์ต MANGA",2022-04-16,11:23:57,1
362,120,173,"ดินสอสี 24 สี มาสเตอร์อาร์ต MANGA",2022-04-16,11:23:59,1
363,120,173,"ดินสอสี 24 สี มาสเตอร์อาร์ต MANGA",2022-04-16,11:24:01,1
364,120,173,"ดินสอสี 24 สี มาสเตอร์อาร์ต MANGA",2022-04-16,11:24:03,1
365,120,173,"ดินสอสี 24 สี มาสเตอร์อาร์ต MANGA",2022-04-16,11:24:04,1
366,120,173,"ดินสอสี 24 สี มาสเตอร์อาร์ต MANGA",2022-04-16,11:24:06,1
367,120,173,"ดินสอสี 24 สี มาสเตอร์อาร์ต MANGA",2022-04-16,11:24:08,1
368,120,173,"ดินสอสี 24 สี มาสเตอร์อาร์ต MANGA",2022-04-16,11:24:10,1
369,120,173,"ดินสอสี 24 สี มาสเตอร์อาร์ต MANGA",2022-04-16,11:24:12,1
370,123,120,"ดินสอ 0.5มม. ด้ามสีเทา ONE MD-H1215",2022-04-16,13:42:44,1
371,123,131,"ดินสอกดข้าง 0.5 มม. สีชมพู เพนเทล PD105T",2022-04-16,13:43:14,1
372,124,174,"ดินสอสี 124 สี มาสเตอร์อาร์ต",2022-04-16,13:54:19,1
373,124,181,"ยางลบดินสอ นีออน (แพ็ค3ก้อน) สเต็ดเล่อร์ 52635N",2022-04-16,13:54:41,1
374,124,181,"ยางลบดินสอ นีออน (แพ็ค3ก้อน) สเต็ดเล่อร์ 52635N",2022-04-16,13:54:42,1
375,125,221,"กระเป๋าตาข่ายซิปคู่ B6 สีเทา ME.STYLE",2022-04-16,14:02:31,1
376,125,216,"เทปโอพีพี 48มม.x100 หลา ชา ONE",2022-04-16,14:02:56,1
377,125,216,"เทปโอพีพี 48มม.x100 หลา ชา ONE",2022-04-16,14:02:57,1
378,125,216,"เทปโอพีพี 48มม.x100 หลา ชา ONE",2022-04-16,14:02:59,1
379,126,186,"เทปลบคำผิด 5มม.x6ม. เขียว (แพ็ค2อัน) ONE CT023",2022-04-16,14:06:29,1
380,126,212,"กระดาษกาวย่น 24.มม.x20หลา ONE",2022-04-16,14:06:42,1
381,126,212,"กระดาษกาวย่น 24.มม.x20หลา ONE",2022-04-16,14:06:44,1
382,126,212,"กระดาษกาวย่น 24.มม.x20หลา ONE",2022-04-16,14:06:46,1
383,127,197,"กาวน้ำ ตราม้า สีใส ขนาด 150 ซีซี",2022-04-16,14:11:33,1
384,127,221,"กระเป๋าตาข่ายซิปคู่ B6 สีเทา ME.STYLE",2022-04-16,14:11:41,1
385,127,206,"แท่นตัดเทป แกน 3 นิ้ว สีแดง ตราม้า H-20",2022-04-16,14:11:49,1
386,128,210,"ปืนยิงกาว 20 วัตต์ สีเทา-ส้ม ONE",2022-04-16,14:14:33,1
387,128,210,"ปืนยิงกาว 20 วัตต์ สีเทา-ส้ม ONE",2022-04-16,14:14:35,1
388,128,151,"ปากกาหมึกเจล 0.38มม. หมึกน้ำเงิน ME.STYLE G-1251A",2022-04-16,14:14:46,1
389,129,132,"ดินสอกด 0.5 มม. สีส้ม เพนเทล A105",2022-04-16,14:19:38,1
390,129,132,"ดินสอกด 0.5 มม. สีส้ม เพนเทล A105",2022-04-16,14:19:40,1
391,129,132,"ดินสอกด 0.5 มม. สีส้ม เพนเทล A105",2022-04-16,14:19:42,1
392,129,221,"กระเป๋าตาข่ายซิปคู่ B6 สีเทา ME.STYLE",2022-04-16,14:19:54,1
393,129,233,"พวงกุญแจพลาสติก คละสี 14 ตัว/ถุง ME.STYLE 309140",2022-04-16,14:20:09,1
394,130,173,"ดินสอสี 24 สี มาสเตอร์อาร์ต MANGA",2022-04-16,14:22:41,1
395,130,118,"ดินสอไม้ HB แท่งลายคละสี (แพ็ค 3 แท่ง) ONE HY-6",2022-04-16,14:22:53,1
396,130,216,"เทปโอพีพี 48มม.x100 หลา ชา ONE",2022-04-16,14:23:01,1
397,131,135,"STAEDTLER ดินสอดำLUMOGRAPH เกรด EE",2022-04-16,14:26:51,1
398,131,220,"กล่องเอกสารพลาสติก สีขาว ME.STYLE BLT-3002",2022-04-16,14:27:06,1
399,132,151,"ปากกาหมึกเจล 0.38มม. หมึกน้ำเงิน ME.STYLE G-1251A",2022-04-16,14:29:51,1
400,132,151,"ปากกาหมึกเจล 0.38มม. หมึกน้ำเงิน ME.STYLE G-1251A",2022-04-16,14:29:53,1
401,132,151,"ปากกาหมึกเจล 0.38มม. หมึกน้ำเงิน ME.STYLE G-1251A",2022-04-16,14:29:55,1
402,132,151,"ปากกาหมึกเจล 0.38มม. หมึกน้ำเงิน ME.STYLE G-1251A",2022-04-16,14:29:56,1
403,132,151,"ปากกาหมึกเจล 0.38มม. หมึกน้ำเงิน ME.STYLE G-1251A",2022-04-16,14:29:58,1
404,132,151,"ปากกาหมึกเจล 0.38มม. หมึกน้ำเงิน ME.STYLE G-1251A",2022-04-16,14:29:59,1
405,132,151,"ปากกาหมึกเจล 0.38มม. หมึกน้ำเงิน ME.STYLE G-1251A",2022-04-16,14:30:01,1
406,132,151,"ปากกาหมึกเจล 0.38มม. หมึกน้ำเงิน ME.STYLE G-1251A",2022-04-16,14:30:03,1
407,132,151,"ปากกาหมึกเจล 0.38มม. หมึกน้ำเงิน ME.STYLE G-1251A",2022-04-16,14:30:05,1
408,132,151,"ปากกาหมึกเจล 0.38มม. หมึกน้ำเงิน ME.STYLE G-1251A",2022-04-16,14:30:06,1
409,132,151,"ปากกาหมึกเจล 0.38มม. หมึกน้ำเงิน ME.STYLE G-1251A",2022-04-16,14:30:08,1
410,132,151,"ปากกาหมึกเจล 0.38มม. หมึกน้ำเงิน ME.STYLE G-1251A",2022-04-16,14:30:10,1
411,132,151,"ปากกาหมึกเจล 0.38มม. หมึกน้ำเงิน ME.STYLE G-1251A",2022-04-16,14:30:12,1
412,132,151,"ปากกาหมึกเจล 0.38มม. หมึกน้ำเงิน ME.STYLE G-1251A",2022-04-16,14:30:13,1
413,132,151,"ปากกาหมึกเจล 0.38มม. หมึกน้ำเงิน ME.STYLE G-1251A",2022-04-16,14:30:15,1
414,132,151,"ปากกาหมึกเจล 0.38มม. หมึกน้ำเงิน ME.STYLE G-1251A",2022-04-16,14:30:16,1
415,132,151,"ปากกาหมึกเจล 0.38มม. หมึกน้ำเงิน ME.STYLE G-1251A",2022-04-16,14:30:18,1
416,132,151,"ปากกาหมึกเจล 0.38มม. หมึกน้ำเงิน ME.STYLE G-1251A",2022-04-16,14:30:20,1
417,132,151,"ปากกาหมึกเจล 0.38มม. หมึกน้ำเงิน ME.STYLE G-1251A",2022-04-16,14:30:22,1
418,132,151,"ปากกาหมึกเจล 0.38มม. หมึกน้ำเงิน ME.STYLE G-1251A",2022-04-16,14:30:23,1
419,132,151,"ปากกาหมึกเจล 0.38มม. หมึกน้ำเงิน ME.STYLE G-1251A",2022-04-16,14:30:25,1
420,132,151,"ปากกาหมึกเจล 0.38มม. หมึกน้ำเงิน ME.STYLE G-1251A",2022-04-16,14:30:26,1
421,132,151,"ปากกาหมึกเจล 0.38มม. หมึกน้ำเงิน ME.STYLE G-1251A",2022-04-16,14:30:28,1
422,132,151,"ปากกาหมึกเจล 0.38มม. หมึกน้ำเงิน ME.STYLE G-1251A",2022-04-16,14:30:30,1
423,132,151,"ปากกาหมึกเจล 0.38มม. หมึกน้ำเงิน ME.STYLE G-1251A",2022-04-16,14:30:32,1
424,132,151,"ปากกาหมึกเจล 0.38มม. หมึกน้ำเงิน ME.STYLE G-1251A",2022-04-16,14:30:33,1
425,132,151,"ปากกาหมึกเจล 0.38มม. หมึกน้ำเงิน ME.STYLE G-1251A",2022-04-16,14:30:35,1
426,132,151,"ปากกาหมึกเจล 0.38มม. หมึกน้ำเงิน ME.STYLE G-1251A",2022-04-16,14:30:36,1
427,132,151,"ปากกาหมึกเจล 0.38มม. หมึกน้ำเงิน ME.STYLE G-1251A",2022-04-16,14:30:38,1
428,132,151,"ปากกาหมึกเจล 0.38มม. หมึกน้ำเงิน ME.STYLE G-1251A",2022-04-16,14:30:40,1
429,132,118,"ดินสอไม้ HB แท่งลายคละสี (แพ็ค 3 แท่ง) ONE HY-6",2022-04-16,14:31:56,1
430,133,126,"ไส้ดินสอ 4B 0.5 มม. เพนเทล Hi-Polymer C505",2022-04-16,21:05:32,1
431,133,135,"STAEDTLER ดินสอดำLUMOGRAPH เกรด EE",2022-04-16,21:05:37,1
432,133,127,"ดินสอกด เพนเทล A811 0.5 มม.",2022-04-16,21:05:45,1
433,134,119,"ดินสอไม้จุ่มหัว 2B ONE",2022-04-16,21:07:35,1
434,134,221,"กระเป๋าตาข่ายซิปคู่ B6 สีเทา ME.STYLE",2022-04-16,21:07:40,1
435,134,234,"ลวดเสียบกระดาษ 33มม. คละสี 100 ตัว/ถุง ME.STYLE 100233",2022-04-16,21:07:45,1
436,134,231,"สมุดโน๊ต 152x205 มม. 180 แผ่น เขีย ME.STYLE NH152203180",2022-04-16,21:07:49,1
437,134,226,"เครื่องเหลาดินสอ สีขาว ONE YF9181",2022-04-16,21:07:54,1
438,135,216,"เทปโอพีพี 48มม.x100 หลา ชา ONE",2022-04-16,21:09:40,1
439,135,202,"กาวลาเท็กซ์ ขวดกลม 472 มล. ตราม้า H-16",2022-04-16,21:09:46,1
440,135,118,"ดินสอไม้ HB แท่งลายคละสี (แพ็ค 3 แท่ง) ONE HY-6",2022-04-16,21:09:51,1
441,136,125,"ไส้ดินสอ 2B 0.5 มม. เพนเทล Hi-Polymer C205",2022-04-16,21:11:16,1
442,136,233,"พวงกุญแจพลาสติก คละสี 14 ตัว/ถุง ME.STYLE 309140",2022-04-16,21:11:22,1
443,136,230,"สมุดเก็บนามบัตร เทาเข้ม ME.STYLE A7628",2022-04-16,21:11:27,1
444,137,181,"ยางลบดินสอ นีออน (แพ็ค3ก้อน) สเต็ดเล่อร์ 52635N",2022-04-16,21:15:01,1
445,137,181,"ยางลบดินสอ นีออน (แพ็ค3ก้อน) สเต็ดเล่อร์ 52635N",2022-04-16,21:15:09,1
446,137,135,"STAEDTLER ดินสอดำLUMOGRAPH เกรด EE",2022-04-16,21:15:18,1
447,137,130,"ดินสอกดข้าง 0.5 มม. สีเขียว เพนเทล PD105T",2022-04-16,21:15:23,1
448,137,127,"ดินสอกด เพนเทล A811 0.5 มม.",2022-04-16,21:15:27,1
449,137,130,"ดินสอกดข้าง 0.5 มม. สีเขียว เพนเทล PD105T",2022-04-16,21:15:38,1
450,138,217,"กล่องใส่ปากกา สีดำ ME.STYLE BLT-4003",2022-04-17,08:05:41,1
451,138,234,"ลวดเสียบกระดาษ 33มม. คละสี 100 ตัว/ถุง ME.STYLE 100233",2022-04-17,08:05:55,1
452,138,234,"ลวดเสียบกระดาษ 33มม. คละสี 100 ตัว/ถุง ME.STYLE 100233",2022-04-17,08:05:57,1
453,138,226,"เครื่องเหลาดินสอ สีขาว ONE YF9181",2022-04-17,08:06:16,1
454,138,226,"เครื่องเหลาดินสอ สีขาว ONE YF9181",2022-04-17,08:06:18,1
455,138,219,"กล่องเอกสารพลาสติก ดำ ME.STYLE BLT-3002",2022-04-17,08:06:24,1
456,138,219,"กล่องเอกสารพลาสติก ดำ ME.STYLE BLT-3002",2022-04-17,08:06:26,1
457,171.4.227.18,122,"ดินสอ 0.5 มม. ด้ามสีชมพู ONE MD-H1058",2022-04-17,14:39:20,1
458,223.207.237.225,118,"ดินสอไม้ HB แท่งลายคละสี (แพ็ค 3 แท่ง) ONE HY-6",2022-04-17,17:24:49,1
459,223.207.237.225,118,"ดินสอไม้ HB แท่งลายคละสี (แพ็ค 3 แท่ง) ONE HY-6",2022-04-17,17:25:30,1
460,49.228.67.248,231,"สมุดโน๊ต 152x205 มม. 180 แผ่น เขีย ME.STYLE NH152203180",2022-04-17,21:22:45,1
461,49.228.67.248,217,"กล่องใส่ปากกา สีดำ ME.STYLE BLT-4003",2022-04-17,21:23:35,1
462,115.87.217.93,194,"ยางลบดินสอ รุ่น 5882 (แพ็ค 3 ก้อน) สีดำ",2022-04-17,22:06:23,1
463,49.228.105.51,133,"ดินสอกดข้าง 0.5 มม. น้ำเงิน เพนเทล PD105T",2022-04-19,01:12:29,1
464,49.228.105.51,128,"ดินสอกด เพนเทล A8100.5 มม.",2022-04-19,01:12:35,1
465,49.228.105.51,123,"ไส้ดินสอ HB 0.5 มม. เพนเทล Hi-Polymer C205",2022-04-19,01:12:40,1
466,49.228.105.51,170,"ดินสอสีไม้ยาว มาสเตอร์อาร์ต Super Premium 72 สี",2022-04-19,01:12:46,1
467,49.49.234.97,228,"เครื่องเหลาดินสอ สีน้ำเงิน ONE 204",2022-04-19,01:14:09,1
468,139,124,"ไส้ดินสอ B 0.5 มม. เพนเทล Hi-Polymer C205",2022-04-19,01:14:10,1
469,139,228,"เครื่องเหลาดินสอ สีน้ำเงิน ONE 204",2022-04-19,01:14:15,1
470,139,236,"ถาดพลาสติก 15.2x7.6x5.2ซม. สีดำ ME.STYLE PB9051-TBK",2022-04-19,01:14:19,1
471,49.228.105.51,127,"ดินสอกด เพนเทล A811 0.5 มม.",2022-04-19,01:14:22,1
472,139,220,"กล่องเอกสารพลาสติก สีขาว ME.STYLE BLT-3002",2022-04-19,01:14:23,1
473,49.228.105.51,172,"ดินสอสีไม้เกรดพรีเมี่ยมยาว 12 สี มาสเตอร์อาร์ต Series",2022-04-19,01:14:37,1
474,49.228.105.51,159,"ดินสอสีไม้สั้นพร้อมกบเหลา 12 สี ตราม้า H-500",2022-04-19,01:14:39,1
475,49.228.105.51,128,"ดินสอกด เพนเทล A8100.5 มม.",2022-04-19,01:15:21,1
476,49.228.105.51,159,"ดินสอสีไม้สั้นพร้อมกบเหลา 12 สี ตราม้า H-500",2022-04-19,01:15:29,1
477,49.228.105.51,159,"ดินสอสีไม้สั้นพร้อมกบเหลา 12 สี ตราม้า H-500",2022-04-19,01:15:30,1
478,49.49.234.97,124,"ไส้ดินสอ B 0.5 มม. เพนเทล Hi-Polymer C205",2022-04-19,01:15:31,1
479,49.228.105.51,158,"ดินสอสีพร้อมกบเหลา 36 สี ตราม้า",2022-04-19,01:15:35,1
480,49.49.234.97,116,"ดินสอกด 0.5 มม. สีชมพู ONE MB113402",2022-04-19,01:15:41,1
481,140,173,"ดินสอสี 24 สี มาสเตอร์อาร์ต MANGA",2022-04-19,01:16:14,1
482,140,173,"ดินสอสี 24 สี มาสเตอร์อาร์ต MANGA",2022-04-19,01:16:24,1
483,49.49.234.97,132,"ดินสอกด 0.5 มม. สีส้ม เพนเทล A105",2022-04-19,01:16:28,1
484,140,173,"ดินสอสี 24 สี มาสเตอร์อาร์ต MANGA",2022-04-19,01:16:30,1
485,140,160,"ดินสอสีกล่องเหล็ก 12 สี ตราม้า 2080",2022-04-19,01:16:34,1
486,49.228.105.51,158,"ดินสอสีพร้อมกบเหลา 36 สี ตราม้า",2022-04-19,01:17:43,1
487,49.228.105.51,173,"ดินสอสี 24 สี มาสเตอร์อาร์ต MANGA",2022-04-19,01:17:47,1
488,49.228.105.51,173,"ดินสอสี 24 สี มาสเตอร์อาร์ต MANGA",2022-04-19,01:17:49,1
489,49.228.105.51,123,"ไส้ดินสอ HB 0.5 มม. เพนเทล Hi-Polymer C205",2022-04-19,01:17:53,1
490,141,231,"สมุดโน๊ต 152x205 มม. 180 แผ่น เขีย ME.STYLE NH152203180",2022-04-19,01:18:19,1
491,141,235,"ซองซิปพลาสติก 21x14.8 ซม. คละสี (แพ็ค3ใบ) ME.STYLE EV-011",2022-04-19,01:18:23,1
492,141,229,"สมุดเก็บนามบัตร ส้ม ME.STYLE A7628",2022-04-19,01:18:28,1
493,49.228.105.51,123,"ไส้ดินสอ HB 0.5 มม. เพนเทล Hi-Polymer C205",2022-04-19,01:18:34,1
494,49.228.105.51,123,"ไส้ดินสอ HB 0.5 มม. เพนเทล Hi-Polymer C205",2022-04-19,01:22:39,1
495,49.228.105.51,128,"ดินสอกด เพนเทล A8100.5 มม.",2022-04-19,01:22:42,1
496,49.228.105.51,128,"ดินสอกด เพนเทล A8100.5 มม.",2022-04-19,01:25:37,1
497,49.228.105.51,131,"ดินสอกดข้าง 0.5 มม. สีชมพู เพนเทล PD105T",2022-04-19,01:25:41,1
498,49.228.105.51,131,"ดินสอกดข้าง 0.5 มม. สีชมพู เพนเทล PD105T",2022-04-19,01:27:16,1
499,49.228.105.51,117,"ดินสอ 0.5 มม. ด้ามสีเงิน ONE S710",2022-04-19,01:27:19,1
500,49.49.234.97,131,"ดินสอกดข้าง 0.5 มม. สีชมพู เพนเทล PD105T",2022-04-19,01:28:32,1
501,80,126,"ไส้ดินสอ 4B 0.5 มม. เพนเทล Hi-Polymer C505",2022-04-19,01:28:41,1
502,80,120,"ดินสอ 0.5มม. ด้ามสีเทา ONE MD-H1215",2022-04-19,01:28:44,1
503,80,123,"ไส้ดินสอ HB 0.5 มม. เพนเทล Hi-Polymer C205",2022-04-19,01:28:47,1
504,80,129,"ดินสอกด เพนเทล A811W 0.5มม. ด้ามงาช้าง",2022-04-19,01:32:27,1
505,49.49.234.97,202,"กาวลาเท็กซ์ ขวดกลม 472 มล. ตราม้า H-16",2022-04-19,01:42:19,1
506,67,192,"เทปลบคำผิด 5มม.x8ม. คละสี (แพ็ค 2 อัน) ONE CT006",2022-04-19,01:42:57,1
507,80,124,"ไส้ดินสอ B 0.5 มม. เพนเทล Hi-Polymer C205",2022-04-19,01:44:52,1
508,80,126,"ไส้ดินสอ 4B 0.5 มม. เพนเทล Hi-Polymer C505",2022-04-19,01:44:54,1
509,80,126,"ไส้ดินสอ 4B 0.5 มม. เพนเทล Hi-Polymer C505",2022-04-19,01:50:17,1
510,80,127,"ดินสอกด เพนเทล A811 0.5 มม.",2022-04-19,01:50:19,1
511,80,130,"ดินสอกดข้าง 0.5 มม. สีเขียว เพนเทล PD105T",2022-04-19,02:13:57,1
512,80,122,"ดินสอ 0.5 มม. ด้ามสีชมพู ONE MD-H1058",2022-04-19,02:14:00,1
513,80,122,"ดินสอ 0.5 มม. ด้ามสีชมพู ONE MD-H1058",2022-04-19,02:15:24,1
514,80,117,"ดินสอ 0.5 มม. ด้ามสีเงิน ONE S710",2022-04-19,02:22:43,1
515,80,126,"ไส้ดินสอ 4B 0.5 มม. เพนเทล Hi-Polymer C505",2022-04-19,02:22:45,1
516,80,119,"ดินสอไม้จุ่มหัว 2B ONE",2022-04-19,02:22:48,1
517,80,119,"ดินสอไม้จุ่มหัว 2B ONE",2022-04-19,02:23:27,1
518,80,126,"ไส้ดินสอ 4B 0.5 มม. เพนเทล Hi-Polymer C505",2022-04-19,02:23:36,1
519,80,120,"ดินสอ 0.5มม. ด้ามสีเทา ONE MD-H1215",2022-04-19,02:26:51,1
520,80,131,"ดินสอกดข้าง 0.5 มม. สีชมพู เพนเทล PD105T",2022-04-19,02:26:54,1
521,49.228.105.51,125,"ไส้ดินสอ 2B 0.5 มม. เพนเทล Hi-Polymer C205",2022-04-19,04:03:42,1
522,1.47.135.169,119,"ดินสอไม้จุ่มหัว 2B ONE",2022-04-19,09:41:06,1
523,1.47.135.169,154,"ปากกาเน้นข้อความ 2 หัว หมึกสีเหลือง ME.STYLE H-2230",2022-04-19,09:41:27,1
524,1.47.135.169,154,"ปากกาเน้นข้อความ 2 หัว หมึกสีเหลือง ME.STYLE H-2230",2022-04-19,09:41:42,1
525,49.49.247.3,120,"ดินสอ 0.5มม. ด้ามสีเทา ONE MD-H1215",2022-04-19,19:38:34,1
526,49.228.105.51,135,"STAEDTLER ดินสอดำLUMOGRAPH เกรด EE",2022-04-19,23:52:21,1
527,49.228.105.51,135,"STAEDTLER ดินสอดำLUMOGRAPH เกรด EE",2022-04-20,00:42:56,1
528,49.228.105.51,135,"STAEDTLER ดินสอดำLUMOGRAPH เกรด EE",2022-04-20,00:56:15,1
529,49.228.105.51,135,"STAEDTLER ดินสอดำLUMOGRAPH เกรด EE",2022-04-20,01:07:06,1
530,49.228.105.51,131,"ดินสอกดข้าง 0.5 มม. สีชมพู เพนเทล PD105T",2022-04-20,01:07:13,1
531,49.228.105.51,121,"ดินสอ 0.5 มม. ด้ามสีน้ำเงิน ONE MD-H1058",2022-04-20,01:07:17,1
532,49.228.105.51,120,"ดินสอ 0.5มม. ด้ามสีเทา ONE MD-H1215",2022-04-20,01:07:21,1
533,49.228.105.51,136,"ปากกาหมึกเจล 0.5มม. หมึกสีดำ ONE G-32020",2022-04-20,01:07:27,1
534,49.228.105.51,120,"ดินสอ 0.5มม. ด้ามสีเทา ONE MD-H1215",2022-04-20,01:10:45,1
535,49.228.105.51,122,"ดินสอ 0.5 มม. ด้ามสีชมพู ONE MD-H1058",2022-04-20,01:10:49,1
536,124.120.118.215,127,"ดินสอกด เพนเทล A811 0.5 มม.",2022-04-20,01:16:28,1
537,49.228.105.51,127,"ดินสอกด เพนเทล A811 0.5 มม.",2022-04-20,01:21:15,1
538,124.120.118.215,127,"ดินสอกด เพนเทล A811 0.5 มม.",2022-04-20,01:24:22,1
539,49.228.105.51,121,"ดินสอ 0.5 มม. ด้ามสีน้ำเงิน ONE MD-H1058",2022-04-20,01:39:42,1
540,49.228.105.51,120,"ดินสอ 0.5มม. ด้ามสีเทา ONE MD-H1215",2022-04-20,02:03:37,1
541,49.228.105.51,120,"ดินสอ 0.5มม. ด้ามสีเทา ONE MD-H1215",2022-04-20,02:03:40,1
542,49.228.105.51,122,"ดินสอ 0.5 มม. ด้ามสีชมพู ONE MD-H1058",2022-04-20,02:05:10,1
543,49.228.105.51,127,"ดินสอกด เพนเทล A811 0.5 มม.",2022-04-20,02:08:03,1
544,49.228.105.51,118,"ดินสอไม้ HB แท่งลายคละสี (แพ็ค 3 แท่ง) ONE HY-6",2022-04-20,02:20:45,1
545,49.228.105.51,122,"ดินสอ 0.5 มม. ด้ามสีชมพู ONE MD-H1058",2022-04-20,02:39:36,1
546,49.228.105.51,120,"ดินสอ 0.5มม. ด้ามสีเทา ONE MD-H1215",2022-04-20,02:41:48,1
547,49.228.105.51,130,"ดินสอกดข้าง 0.5 มม. สีเขียว เพนเทล PD105T",2022-04-20,02:42:42,1
548,49.228.105.51,130,"ดินสอกดข้าง 0.5 มม. สีเขียว เพนเทล PD105T",2022-04-20,02:43:57,1
549,124.120.118.215,127,"ดินสอกด เพนเทล A811 0.5 มม.",2022-04-20,07:49:51,1
550,49.228.99.202,118,"ดินสอไม้ HB แท่งลายคละสี (แพ็ค 3 แท่ง) ONE HY-6",2022-04-20,14:56:27,1
551,49.49.236.177,134,"STAEDTLER ดินสอดำLUMOGRAPH เกรด 2B",2022-04-20,17:36:47,1
552,49.49.236.177,131,"ดินสอกดข้าง 0.5 มม. สีชมพู เพนเทล PD105T",2022-04-20,17:36:59,1
553,49.49.236.177,117,"ดินสอ 0.5 มม. ด้ามสีเงิน ONE S710",2022-04-20,17:40:53,1
554,49.49.241.138,190,"ปากกาลบคำผิด 7 มล. แพ็ค 6ด้าม ONE",2022-04-21,18:38:29,1
555,49.49.241.138,180,"ยางลบดินสอ พาสเทล (50ก้อน) สเต็ดเล่อร์ 526B35P TH",2022-04-21,18:38:47,1
556,142,180,"ยางลบดินสอ พาสเทล (50ก้อน) สเต็ดเล่อร์ 526B35P TH",2022-04-21,18:41:09,1
557,142,118,"ดินสอไม้ HB แท่งลายคละสี (แพ็ค 3 แท่ง) ONE HY-6",2022-04-21,18:41:20,1
558,142,190,"ปากกาลบคำผิด 7 มล. แพ็ค 6ด้าม ONE",2022-04-21,18:41:34,1
559,142,190,"ปากกาลบคำผิด 7 มล. แพ็ค 6ด้าม ONE",2022-04-21,18:41:56,1
560,49.49.241.138,190,"ปากกาลบคำผิด 7 มล. แพ็ค 6ด้าม ONE",2022-04-21,18:42:10,1
561,1.47.152.73,117,"ดินสอ 0.5 มม. ด้ามสีเงิน ONE S710",2022-04-21,18:49:53,1
562,1.47.152.73,120,"ดินสอ 0.5มม. ด้ามสีเทา ONE MD-H1215",2022-04-21,18:50:00,1
563,1.47.152.73,120,"ดินสอ 0.5มม. ด้ามสีเทา ONE MD-H1215",2022-04-21,18:50:01,1
564,96,190,"ปากกาลบคำผิด 7 มล. แพ็ค 6ด้าม ONE",2022-04-21,18:56:41,1
565,96,180,"ยางลบดินสอ พาสเทล (50ก้อน) สเต็ดเล่อร์ 526B35P TH",2022-04-21,18:56:48,1
566,145,185,"เทปลบคำผิด 5มม.x6ม. สีน้ำเงิน ONE CT020",2022-04-23,12:29:28,1
567,145,183,"เทปลบคำผิด 5มม.x4ม. คละสี (แพ็ค3อัน) ONE W961",2022-04-23,12:29:58,1
568,146,218,"กล่องใส่ปากกา สีใส ME.STYLE BLT-4003",2022-04-23,12:34:32,1
569,146,218,"กล่องใส่ปากกา สีใส ME.STYLE BLT-4003",2022-04-23,12:34:33,1
570,146,231,"สมุดโน๊ต 152x205 มม. 180 แผ่น เขีย ME.STYLE NH152203180",2022-04-23,12:35:05,1
571,146,231,"สมุดโน๊ต 152x205 มม. 180 แผ่น เขีย ME.STYLE NH152203180",2022-04-23,12:35:06,1
572,146,231,"สมุดโน๊ต 152x205 มม. 180 แผ่น เขีย ME.STYLE NH152203180",2022-04-23,12:35:07,1
573,147,203,"กาวลาเท็กซ์ 40 มล. ตราม้า H-11",2022-04-23,12:39:07,1
574,147,203,"กาวลาเท็กซ์ 40 มล. ตราม้า H-11",2022-04-23,12:39:08,1
575,147,203,"กาวลาเท็กซ์ 40 มล. ตราม้า H-11",2022-04-23,12:39:09,1
576,147,203,"กาวลาเท็กซ์ 40 มล. ตราม้า H-11",2022-04-23,12:39:10,1
577,147,203,"กาวลาเท็กซ์ 40 มล. ตราม้า H-11",2022-04-23,12:39:11,1
578,148,228,"เครื่องเหลาดินสอ สีน้ำเงิน ONE 204",2022-04-23,12:42:13,1
579,148,232,"ลวดเสียบกระดาษ 33มม. สีชมพู 80 ตัว/ถุง ME.STYLE 100233-PI",2022-04-23,12:43:46,1
580,149,126,"ไส้ดินสอ 4B 0.5 มม. เพนเทล Hi-Polymer C505",2022-04-23,12:48:10,1
581,149,126,"ไส้ดินสอ 4B 0.5 มม. เพนเทล Hi-Polymer C505",2022-04-23,12:48:11,1
582,149,131,"ดินสอกดข้าง 0.5 มม. สีชมพู เพนเทล PD105T",2022-04-23,12:49:01,1
583,149,131,"ดินสอกดข้าง 0.5 มม. สีชมพู เพนเทล PD105T",2022-04-23,12:49:15,1
584,150,125,"ไส้ดินสอ 2B 0.5 มม. เพนเทล Hi-Polymer C205",2022-04-23,12:56:09,1
585,150,125,"ไส้ดินสอ 2B 0.5 มม. เพนเทล Hi-Polymer C205",2022-04-23,12:56:10,1
586,150,125,"ไส้ดินสอ 2B 0.5 มม. เพนเทล Hi-Polymer C205",2022-04-23,12:56:11,1
587,150,125,"ไส้ดินสอ 2B 0.5 มม. เพนเทล Hi-Polymer C205",2022-04-23,12:56:11,1
588,150,117,"ดินสอ 0.5 มม. ด้ามสีเงิน ONE S710",2022-04-23,12:56:35,1
589,151,235,"ซองซิปพลาสติก 21x14.8 ซม. คละสี (แพ็ค3ใบ) ME.STYLE EV-011",2022-04-23,12:59:51,1
590,151,231,"สมุดโน๊ต 152x205 มม. 180 แผ่น เขีย ME.STYLE NH152203180",2022-04-23,13:00:44,1
591,151,231,"สมุดโน๊ต 152x205 มม. 180 แผ่น เขีย ME.STYLE NH152203180",2022-04-23,13:00:44,1
592,151,231,"สมุดโน๊ต 152x205 มม. 180 แผ่น เขีย ME.STYLE NH152203180",2022-04-23,13:00:45,1
593,151,231,"สมุดโน๊ต 152x205 มม. 180 แผ่น เขีย ME.STYLE NH152203180",2022-04-23,13:00:46,1
594,151,231,"สมุดโน๊ต 152x205 มม. 180 แผ่น เขีย ME.STYLE NH152203180",2022-04-23,13:00:47,1
595,152,126,"ไส้ดินสอ 4B 0.5 มม. เพนเทล Hi-Polymer C505",2022-04-23,13:05:41,1
596,153,123,"ไส้ดินสอ HB 0.5 มม. เพนเทล Hi-Polymer C205",2022-04-23,13:18:10,1
597,153,127,"ดินสอกด เพนเทล A811 0.5 มม.",2022-04-23,13:18:17,1
598,154,229,"สมุดเก็บนามบัตร ส้ม ME.STYLE A7628",2022-04-23,13:23:54,1
599,154,218,"กล่องใส่ปากกา สีใส ME.STYLE BLT-4003",2022-04-23,13:23:59,1
600,154,236,"ถาดพลาสติก 15.2x7.6x5.2ซม. สีดำ ME.STYLE PB9051-TBK",2022-04-23,13:24:04,1
601,155,179,"ยางลบดินสอนีออน แพ็ค50ก้อน คละสี สเต็ดเล่อร์ 526 35N",2022-04-23,13:37:15,1
602,155,231,"สมุดโน๊ต 152x205 มม. 180 แผ่น เขีย ME.STYLE NH152203180",2022-04-23,13:37:23,1
603,155,226,"เครื่องเหลาดินสอ สีขาว ONE YF9181",2022-04-23,13:37:29,1
604,156,135,"STAEDTLER ดินสอดำLUMOGRAPH เกรด EE",2022-04-23,13:39:37,1
605,156,125,"ไส้ดินสอ 2B 0.5 มม. เพนเทล Hi-Polymer C205",2022-04-23,13:39:48,1
606,156,129,"ดินสอกด เพนเทล A811W 0.5มม. ด้ามงาช้าง",2022-04-23,13:39:54,1
607,157,159,"ดินสอสีไม้สั้นพร้อมกบเหลา 12 สี ตราม้า H-500",2022-04-23,13:42:11,1
608,157,203,"กาวลาเท็กซ์ 40 มล. ตราม้า H-11",2022-04-23,13:42:27,1
609,157,199,"แท่นตัดเทป แกน 1 นิ้ว ตราม้า H-15",2022-04-23,13:42:35,1
610,158,180,"ยางลบดินสอ พาสเทล (50ก้อน) สเต็ดเล่อร์ 526B35P TH",2022-04-23,13:55:59,1
611,158,183,"เทปลบคำผิด 5มม.x4ม. คละสี (แพ็ค3อัน) ONE W961",2022-04-23,13:56:04,1
612,158,183,"เทปลบคำผิด 5มม.x4ม. คละสี (แพ็ค3อัน) ONE W961",2022-04-23,13:56:08,1
613,158,226,"เครื่องเหลาดินสอ สีขาว ONE YF9181",2022-04-23,13:56:14,1
614,159,230,"สมุดเก็บนามบัตร เทาเข้ม ME.STYLE A7628",2022-04-23,13:58:12,1
615,159,217,"กล่องใส่ปากกา สีดำ ME.STYLE BLT-4003",2022-04-23,13:58:17,1
616,160,131,"ดินสอกดข้าง 0.5 มม. สีชมพู เพนเทล PD105T",2022-04-23,14:02:30,1
617,160,117,"ดินสอ 0.5 มม. ด้ามสีเงิน ONE S710",2022-04-23,14:02:35,1
618,160,127,"ดินสอกด เพนเทล A811 0.5 มม.",2022-04-23,14:02:40,1
619,183.89.244.147,135,"STAEDTLER ดินสอดำLUMOGRAPH เกรด EE",2022-04-23,16:12:27,1
620,183.89.244.147,218,"กล่องใส่ปากกา สีใส ME.STYLE BLT-4003",2022-04-23,16:12:33,1
621,161,132,"ดินสอกด 0.5 มม. สีส้ม เพนเทล A105",2022-04-23,16:13:12,1
622,161,123,"ไส้ดินสอ HB 0.5 มม. เพนเทล Hi-Polymer C205",2022-04-23,16:13:18,1
623,161,131,"ดินสอกดข้าง 0.5 มม. สีชมพู เพนเทล PD105T",2022-04-23,16:13:26,1
624,183.89.244.147,131,"ดินสอกดข้าง 0.5 มม. สีชมพู เพนเทล PD105T",2022-04-25,12:32:15,1
625,183.89.244.147,123,"ไส้ดินสอ HB 0.5 มม. เพนเทล Hi-Polymer C205",2022-04-25,12:32:17,1
626,124.122.18.138,133,"ดินสอกดข้าง 0.5 มม. น้ำเงิน เพนเทล PD105T",2022-04-27,00:45:56,1
627,124.122.18.138,133,"ดินสอกดข้าง 0.5 มม. น้ำเงิน เพนเทล PD105T",2022-04-27,00:46:11,1
628,49.228.102.106,130,"ดินสอกดข้าง 0.5 มม. สีเขียว เพนเทล PD105T",2022-04-30,09:59:40,1
629,27.55.90.201,118,"ดินสอไม้ HB แท่งลายคละสี (แพ็ค 3 แท่ง) ONE HY-6",2022-05-01,10:47:57,1
630,27.55.90.201,173,"ดินสอสี 24 สี มาสเตอร์อาร์ต MANGA",2022-05-01,10:48:11,1
631,1.46.152.147,211,"กระดาษกาวย่น 48.มม.x20หลา สีขาว ONE",2022-05-02,17:48:46,1
632,124.120.207.2,222,"แฟ้มโชว์เอกสาร A4 สีดำ (40ซอง/เล่ม) ME.STYLE WS9010-40_BK",2022-05-06,23:35:38,1
